teacher,period,start_date,sub_date,raw_score,percent,num_att,last_att,daps5,decm6,exps4,fnct5,frac6,geom8,intg4,linr7,id
"Sans, Rosie",2,2022-08-15,2022-08-25,36,80,45,45,4,5,3,2,6,7,4,5,0970
"Jillian, Richie",6,2022-08-15,2022-08-25,36,80,45,45,4,3,3,4,5,7,4,6,0703
"Gray, Stephanie",1,2022-08-15,2022-08-24,36,80,41,44,4,6,2,4,6,5,3,6,0743
"Thomas, Alice",2,2022-08-15,2022-08-25,36,80,45,45,4,5,3,4,6,6,4,4,0976
"Sans, Rosie",1,2022-08-15,2022-08-24,36,80,45,45,5,6,2,2,6,7,3,5,1490
"Thomas, Alice",3,2022-08-15,2022-08-24,35,78,45,45,4,5,3,5,3,7,4,4,1070
"Gray, Stephanie",2,2022-08-15,2022-08-25,35,78,45,45,3,4,4,4,5,6,4,5,2164
"Jillian, Richie",6,2022-08-15,2022-08-25,35,78,43,45,5,5,2,4,6,5,4,4,1140
"Sans, Rosie",3,2022-08-15,2022-08-24,35,78,45,45,5,5,3,2,6,7,3,4,3175
"Thomas, Alice",3,2022-08-15,2022-08-24,35,78,43,45,4,4,2,3,5,7,4,6,0122
"Thomas, Alice",3,2022-08-15,2022-08-24,35,78,45,45,5,4,3,4,6,4,4,5,1055
"Gray, Stephanie",2,2022-08-15,2022-08-25,35,78,45,45,5,4,3,3,4,7,3,6,1533
"Thomas, Alice",4,2022-08-15,2022-08-25,35,78,45,45,5,5,3,3,6,5,3,5,4851
"Sans, Rosie",3,2022-08-15,2022-08-24,35,78,42,45,4,5,4,3,5,7,4,3,1435
"Jillian, Richie",5,2022-08-15,2022-08-24,34,76,40,45,5,5,4,3,5,4,3,5,0968
"Jonas, Beau",3,2022-08-15,2022-08-30,34,76,45,45,4,3,3,2,5,6,4,7,1076
"Gray, Stephanie",1,2022-08-15,2022-08-24,34,76,42,43,3,4,2,5,5,6,3,6,2711
"Jillian, Richie",5,2022-08-15,2022-08-24,34,76,40,44,4,4,4,4,6,6,2,4,1102
"Jonas, Beau",3,2022-08-15,2022-08-30,34,76,45,45,4,3,4,3,6,4,4,6,2485
"Daniel, Tony",3,2022-08-15,2022-08-24,33,73,45,45,3,5,4,3,6,5,4,3,1085
"Sans, Rosie",5,2022-08-15,2022-08-24,33,73,45,45,5,3,3,4,5,5,4,4,4809
"Gray, Stephanie",1,2022-08-15,2022-08-24,33,73,43,45,5,5,3,4,6,5,1,4,1088
"Jonas, Beau",4,2022-08-15,2022-08-30,33,73,45,45,5,6,3,3,4,5,4,3,1002
"Daniel, Tony",3,2022-08-15,2022-08-24,33,73,40,44,3,6,2,3,5,6,3,5,0944
"Sans, Rosie",2,2022-08-15,2022-08-25,33,73,45,45,3,4,2,5,5,5,3,6,1011
"Thomas, Alice",3,2022-08-15,2022-08-24,33,73,45,45,5,5,2,3,4,6,4,4,1861
"Gray, Stephanie",2,2022-08-15,2022-08-25,33,73,41,45,5,3,3,2,5,5,4,6,2797
"Sans, Rosie",1,2022-08-15,2022-08-24,33,73,44,45,3,5,3,2,6,5,4,5,2457
"Jonas, Beau",4,2022-08-15,2022-08-30,33,73,45,45,3,5,3,2,5,6,3,6,1109
"Daniel, Tony",3,2022-08-15,2022-08-24,32,71,41,43,4,6,3,2,5,6,3,3,1024
"Thomas, Alice",4,2022-08-15,2022-08-25,32,71,39,44,5,4,3,2,6,4,3,5,1072
"Sans, Rosie",5,2022-08-15,2022-08-24,32,71,45,45,2,3,4,3,5,6,4,5,1475
"Sans, Rosie",6,2022-08-15,2022-08-25,32,71,45,45,5,4,2,4,6,6,3,2,1402
"Thomas, Alice",3,2022-08-15,2022-08-24,32,71,41,44,5,4,3,2,4,4,4,6,1072
"Jillian, Richie",6,2022-08-15,2022-08-25,32,71,45,45,4,4,3,3,5,4,3,6,1024
"Sans, Rosie",1,2022-08-15,2022-08-24,32,71,45,45,4,3,3,3,5,6,2,6,1022
"Gray, Stephanie",1,2022-08-15,2022-08-24,32,71,37,45,4,3,3,3,6,5,3,5,0968
"Daniel, Tony",5,2022-08-15,2022-08-24,32,71,35,44,4,3,4,3,5,3,4,6,0946
"Gray, Stephanie",1,2022-08-15,2022-08-24,32,71,43,45,4,6,3,2,4,6,2,5,1837
"Sans, Rosie",1,2022-08-15,2022-08-24,32,71,45,45,4,6,3,2,5,5,4,3,1008
"Sans, Rosie",5,2022-08-15,2022-08-24,32,71,44,45,4,3,3,4,5,5,3,5,4836
"Gray, Stephanie",1,2022-08-15,2022-08-24,31,69,45,45,4,3,3,3,6,6,3,3,1013
"Jillian, Richie",5,2022-08-15,2022-08-24,31,69,39,45,4,4,2,3,5,5,3,5,1000
"Gray, Stephanie",2,2022-08-15,2022-08-25,31,69,45,45,4,3,4,3,3,6,3,5,1106
"Sans, Rosie",1,2022-08-15,2022-08-24,31,69,45,45,5,4,1,4,4,6,4,3,1591
"Jillian, Richie",6,2022-08-15,2022-08-25,31,69,45,45,4,5,3,3,5,4,4,3,1093
"Gray, Stephanie",2,2022-08-15,2022-08-25,31,69,45,45,3,6,3,3,5,5,4,2,1073
"Thomas, Alice",3,2022-08-15,2022-08-24,31,69,45,45,3,6,3,2,5,3,4,5,1073
"Thomas, Alice",5,2022-08-15,2022-08-24,31,69,45,45,4,3,3,4,6,5,3,3,1028
"Sans, Rosie",2,2022-08-15,2022-08-25,31,69,43,45,3,3,2,3,5,6,4,5,2565
"Jillian, Richie",6,2022-08-15,2022-08-25,31,69,39,45,5,5,1,3,5,5,3,4,1826
"Jillian, Richie",5,2022-08-15,2022-08-24,31,69,40,44,4,3,3,3,4,5,4,5,1078
"Gray, Stephanie",1,2022-08-15,2022-08-24,31,69,39,45,4,3,3,2,6,6,4,3,0972
"Thomas, Alice",3,2022-08-15,2022-08-24,30,67,45,45,4,2,3,1,4,6,4,6,3227
"Thomas, Alice",6,2022-08-15,2022-08-25,30,67,41,44,3,5,3,4,5,4,3,3,1032
"Jillian, Richie",6,2022-08-15,2022-08-25,30,67,45,45,5,6,3,3,4,4,3,2,4768
"Thomas, Alice",4,2022-08-15,2022-08-25,30,67,45,45,3,5,3,3,4,4,3,5,1006
"Jonas, Beau",4,2022-08-15,2022-08-30,30,67,45,45,2,6,4,2,5,4,3,4,0990
"Jonas, Beau",3,2022-08-15,2022-08-30,30,67,38,42,4,2,3,5,4,5,3,4,1011
"Sans, Rosie",6,2022-08-15,2022-08-25,30,67,44,45,5,5,1,3,6,6,2,2,1659
"Gray, Stephanie",1,2022-08-15,2022-08-24,30,67,45,45,4,5,2,2,6,6,3,2,1094
"Jonas, Beau",3,2022-08-15,2022-08-30,30,67,35,37,5,3,3,3,5,4,4,3,1022
"Daniel, Tony",3,2022-08-15,2022-08-24,30,67,45,45,3,2,3,3,6,5,4,4,3262
"Sans, Rosie",3,2022-08-15,2022-08-24,30,67,45,45,5,4,3,1,5,5,2,5,1098
"Gray, Stephanie",2,2022-08-15,2022-08-25,30,67,44,45,4,4,3,3,5,5,3,3,1857
"Sans, Rosie",1,2022-08-15,2022-08-24,30,67,45,45,3,5,3,3,4,4,3,5,0964
"Thomas, Alice",4,2022-08-15,2022-08-25,30,67,45,45,2,4,4,5,3,4,4,4,4283
"Jillian, Richie",6,2022-08-15,2022-08-25,30,67,34,44,4,4,3,1,6,4,4,4,1799
"Thomas, Alice",3,2022-08-15,2022-08-24,30,67,44,45,4,3,3,3,4,5,4,4,2420
"Gray, Stephanie",2,2022-08-15,2022-08-25,30,67,44,45,5,4,3,2,4,5,4,3,1765
"Gray, Stephanie",2,2022-08-15,2022-08-25,29,64,31,44,3,4,1,3,5,4,3,6,1822
"Sans, Rosie",3,2022-08-15,2022-08-24,29,64,45,45,3,3,3,3,4,5,4,4,3201
"Jillian, Richie",5,2022-08-15,2022-08-24,29,64,45,45,4,4,3,4,3,5,2,4,2527
"Sans, Rosie",2,2022-08-15,2022-08-25,29,64,45,45,3,4,3,3,5,4,2,5,0997
"Gray, Stephanie",1,2022-08-15,2022-08-24,29,64,45,45,3,2,2,3,5,5,4,5,1122
"Gray, Stephanie",2,2022-08-15,2022-08-25,29,64,45,45,4,3,3,3,3,5,3,5,4937
"Gray, Stephanie",2,2022-08-15,2022-08-25,29,64,45,45,4,3,4,4,3,6,3,2,1077
"Jonas, Beau",3,2022-08-15,2022-08-30,29,64,45,45,4,4,4,2,3,6,3,3,1190
"Sans, Rosie",6,2022-08-15,2022-08-25,29,64,45,45,2,4,3,3,5,7,3,2,1099
"Jillian, Richie",6,2022-08-15,2022-08-25,29,64,45,45,3,6,4,3,5,3,2,3,1076
"Thomas, Alice",5,2022-08-15,2022-08-24,29,64,45,45,3,3,3,2,6,5,4,3,1088
"Sans, Rosie",5,2022-08-15,2022-08-24,29,64,45,45,5,3,3,3,4,6,3,2,1469
"Jonas, Beau",3,2022-08-15,2022-09-02,29,64,41,45,4,4,4,3,5,4,3,2,1649
"Thomas, Alice",5,2022-08-15,2022-08-24,28,62,33,42,3,2,2,4,5,3,4,5,3154
"Sans, Rosie",5,2022-08-15,2022-08-24,28,62,45,45,3,4,2,1,5,5,4,4,1061
"Thomas, Alice",2,2022-08-15,2022-08-25,28,62,45,45,2,2,3,2,6,5,4,4,1001
"Daniel, Tony",5,2022-08-15,2022-08-24,28,62,45,45,4,4,2,1,5,4,3,5,1444
"Gray, Stephanie",2,2022-08-15,2022-08-25,28,62,45,45,4,5,2,3,4,3,4,3,1291
"Sans, Rosie",3,2022-08-15,2022-08-24,28,62,45,45,5,5,4,1,4,4,2,3,1510
"Jonas, Beau",4,2022-08-15,2022-09-02,28,62,45,45,4,4,4,2,4,4,2,4,1151
"Jillian, Richie",6,2022-08-15,2022-08-25,28,62,45,45,5,5,2,2,5,5,2,2,4159
"Daniel, Tony",3,2022-08-15,2022-08-24,28,62,34,39,5,3,2,2,4,4,4,4,3144
"Sans, Rosie",1,2022-08-15,2022-08-24,28,62,45,45,3,3,3,3,5,3,2,6,1077
"Daniel, Tony",3,2022-08-15,2022-08-24,28,62,45,45,3,3,3,1,4,5,3,6,1067
"Jonas, Beau",3,2022-08-15,2022-08-30,28,62,45,45,4,3,3,1,3,6,3,5,0949
"Sans, Rosie",2,2022-08-15,2022-08-25,28,62,45,45,4,2,2,4,5,4,3,4,1025
"Jillian, Richie",6,2022-08-15,2022-08-25,28,62,45,45,5,3,3,3,4,4,3,3,1654
"Jillian, Richie",6,2022-08-15,2022-08-25,28,62,38,45,4,3,3,3,3,5,3,4,1594
"Jonas, Beau",4,2022-08-15,2022-08-30,28,62,45,45,4,5,3,3,4,3,3,3,1071
"Thomas, Alice",5,2022-08-15,2022-08-24,28,62,45,45,2,4,4,4,2,7,2,3,0599
"Jillian, Richie",6,2022-08-15,2022-08-25,28,62,41,45,5,1,3,3,5,4,2,5,1468
"Thomas, Alice",5,2022-08-15,2022-08-24,28,62,45,45,4,4,1,4,5,3,3,4,4669
"Jonas, Beau",4,2022-08-15,2022-08-30,28,62,45,45,3,5,2,3,4,4,2,5,1058
"Jonas, Beau",4,2022-08-15,2022-08-30,28,62,45,45,4,4,2,3,6,5,2,2,0594
"Thomas, Alice",5,2022-08-15,2022-08-24,28,62,45,45,4,4,3,4,5,3,2,3,1884
"Jillian, Richie",6,2022-08-15,2022-08-25,27,60,45,45,4,4,3,3,4,3,3,3,1046
"Sans, Rosie",2,2022-08-15,2022-08-25,27,60,45,45,4,4,1,3,5,3,2,5,0952
"Thomas, Alice",6,2022-08-15,2022-08-25,27,60,45,45,4,3,3,2,3,5,3,4,0624
"Sans, Rosie",1,2022-08-15,2022-08-24,27,60,44,45,4,2,2,3,5,5,2,4,3097
"Gray, Stephanie",1,2022-08-15,2022-08-24,27,60,38,45,3,2,4,2,5,4,3,4,0972
"Jillian, Richie",6,2022-08-15,2022-08-25,27,60,39,45,3,2,1,1,5,7,3,5,0997
"Sans, Rosie",1,2022-08-15,2022-08-24,27,60,40,44,5,1,4,3,3,4,3,4,0966
"Jonas, Beau",3,2022-08-15,2022-08-30,27,60,36,36,1,5,4,3,5,3,3,3,0161
"Sans, Rosie",6,2022-08-15,2022-08-25,27,60,45,45,4,2,3,1,4,7,3,3,1074
"Sans, Rosie",6,2022-08-15,2022-08-25,27,60,45,45,3,4,2,1,4,5,4,4,0944
"Sans, Rosie",6,2022-08-15,2022-08-25,27,60,45,45,3,4,2,1,3,5,4,5,1192
"Sans, Rosie",1,2022-08-15,2022-08-24,27,60,45,45,5,4,3,0,3,5,3,4,4196
"Thomas, Alice",2,2022-08-15,2022-08-25,27,60,40,45,4,4,3,3,3,4,3,3,1099
"Gray, Stephanie",1,2022-08-15,2022-08-24,27,60,45,45,3,3,3,3,5,6,2,2,1408
"Sans, Rosie",3,2022-08-15,2022-08-24,27,60,45,45,3,2,3,3,6,3,3,4,1087
"Thomas, Alice",4,2022-08-15,2022-08-25,27,60,45,45,3,4,3,2,3,5,3,4,1089
"Jillian, Richie",5,2022-08-15,2022-08-24,27,60,45,45,3,4,3,3,4,3,4,3,1078
"Sans, Rosie",1,2022-08-15,2022-08-24,27,60,45,45,4,3,2,3,5,4,4,2,4306
"Jonas, Beau",4,2022-08-15,2022-08-30,26,58,45,45,2,4,2,4,5,4,2,3,0932
"Thomas, Alice",3,2022-08-15,2022-08-24,26,58,45,45,3,3,1,2,6,5,2,4,0950
"Sans, Rosie",2,2022-08-15,2022-08-25,26,58,45,45,4,3,3,1,5,4,3,3,2507
"Sans, Rosie",3,2022-08-15,2022-08-24,26,58,41,45,3,3,3,1,4,6,3,3,4102
"Thomas, Alice",4,2022-08-15,2022-08-25,26,58,45,45,4,2,3,3,4,2,3,5,1000
"Jonas, Beau",4,2022-08-15,2022-08-30,26,58,45,45,3,2,3,2,3,6,3,4,4732
"Sans, Rosie",3,2022-08-15,2022-08-24,26,58,45,45,3,3,2,2,6,4,3,3,1098
"Thomas, Alice",2,2022-08-15,2022-08-25,26,58,45,45,3,4,2,2,4,4,2,5,0941
"Thomas, Alice",2,2022-08-15,2022-08-25,26,58,45,45,3,3,2,3,4,7,1,3,2258
"Thomas, Alice",6,2022-08-15,2022-08-25,26,58,38,45,4,3,2,2,4,3,4,4,1103
"Daniel, Tony",5,2022-08-15,2022-08-24,26,58,41,45,4,1,2,4,5,6,3,1,0936
"Sans, Rosie",3,2022-08-15,2022-08-24,26,58,45,45,4,3,1,4,3,3,4,4,0765
"Sans, Rosie",2,2022-08-15,2022-08-25,26,58,45,45,1,5,4,2,3,4,2,5,3102
"Sans, Rosie",1,2022-08-15,2022-08-24,26,58,45,45,4,3,1,2,5,5,3,3,2325
"Thomas, Alice",2,2022-08-15,2022-08-25,26,58,45,45,3,3,2,3,4,3,3,5,0903
"Jonas, Beau",4,2022-08-15,2022-09-02,26,58,45,45,3,3,2,2,4,4,4,4,1000
"Jonas, Beau",3,2022-08-15,2022-09-02,26,58,42,44,4,2,3,1,6,3,4,3,1108
"Sans, Rosie",3,2022-08-15,2022-08-24,25,56,45,45,4,2,3,3,3,4,2,4,0989
"Thomas, Alice",2,2022-08-15,2022-08-25,25,56,39,45,4,4,2,3,4,4,2,2,0965
"Thomas, Alice",4,2022-08-15,2022-08-25,25,56,45,45,4,4,3,2,4,5,1,2,1001
"Jillian, Richie",6,2022-08-15,2022-08-25,25,56,36,45,5,1,2,2,3,5,3,4,0954
"Sans, Rosie",2,2022-08-15,2022-08-25,25,56,45,45,1,5,3,2,2,4,2,6,1793
"Thomas, Alice",2,2022-08-15,2022-08-25,25,56,40,45,4,2,3,2,4,4,2,4,4667
"Sans, Rosie",5,2022-08-15,2022-08-24,25,56,45,45,3,4,2,3,4,5,2,2,1269
"Jonas, Beau",4,2022-08-15,2022-08-30,25,56,45,45,4,2,2,3,4,4,3,3,1053
"Gray, Stephanie",1,2022-08-15,2022-08-24,25,56,39,44,4,2,2,2,3,5,2,5,1078
"Jonas, Beau",4,2022-08-15,2022-09-02,25,56,37,37,3,3,2,3,3,4,3,4,1130
"Gray, Stephanie",1,2022-08-15,2022-08-24,25,56,45,45,4,3,1,1,2,5,4,5,0158
"Thomas, Alice",3,2022-08-15,2022-08-24,25,56,45,45,3,4,2,2,4,4,2,4,1038
"Jonas, Beau",4,2022-08-15,2022-08-30,25,56,45,45,5,2,2,3,2,4,4,3,1018
"Jillian, Richie",6,2022-08-15,2022-08-25,25,56,45,45,3,4,2,3,4,4,3,2,1099
"Sans, Rosie",3,2022-08-15,2022-08-24,25,56,45,45,4,2,4,4,3,3,3,2,1084
"Thomas, Alice",3,2022-08-15,2022-08-24,25,56,45,45,2,4,2,2,3,4,4,4,1087
"Jonas, Beau",4,2022-08-15,2022-08-30,25,56,45,45,5,2,3,3,2,4,3,3,1482
"Sans, Rosie",6,2022-08-15,2022-08-25,25,56,45,45,4,3,2,3,3,6,3,1,4506
"Jillian, Richie",5,2022-08-15,2022-08-24,25,56,45,45,4,3,3,2,5,4,1,3,1019
"Jillian, Richie",6,2022-08-15,2022-08-25,25,56,45,45,4,2,3,3,3,5,2,3,4686
"Thomas, Alice",5,2022-08-15,2022-08-24,25,56,45,45,2,3,2,3,4,6,1,4,1061
"Gray, Stephanie",2,2022-08-15,2022-08-25,25,56,45,45,2,3,3,3,4,4,2,4,1108
"Gray, Stephanie",2,2022-08-15,2022-08-25,25,56,45,45,4,4,2,4,4,4,2,1,0977
"Thomas, Alice",2,2022-08-15,2022-08-25,25,56,45,45,1,2,3,2,4,6,4,3,1004
"Jillian, Richie",6,2022-08-15,2022-08-25,24,53,43,45,1,2,2,4,5,6,2,2,4356
"Thomas, Alice",2,2022-08-15,2022-08-25,24,53,35,45,4,3,3,1,6,4,3,0,1009
"Thomas, Alice",2,2022-08-15,2022-08-25,24,53,45,45,3,3,1,2,5,4,2,4,1033
"Thomas, Alice",5,2022-08-15,2022-08-24,24,53,45,45,2,5,3,3,4,3,2,2,4210
"Thomas, Alice",5,2022-08-15,2022-08-24,24,53,45,45,2,3,2,2,5,4,1,5,1799
"Thomas, Alice",4,2022-08-15,2022-08-25,24,53,45,45,5,3,1,2,2,6,3,2,0972
"Sans, Rosie",2,2022-08-15,2022-08-25,24,53,45,45,4,3,2,1,4,4,3,3,3688
"Thomas, Alice",5,2022-08-15,2022-08-24,24,53,45,45,3,1,1,3,4,5,3,4,1138
"Gray, Stephanie",1,2022-08-15,2022-08-24,24,53,42,45,3,2,3,2,4,3,3,4,1095
"Thomas, Alice",2,2022-08-15,2022-08-25,24,53,45,45,4,2,2,4,3,5,2,2,1004
"Thomas, Alice",5,2022-08-15,2022-08-24,24,53,45,45,3,2,2,2,5,5,3,2,1053
"Sans, Rosie",2,2022-08-15,2022-08-25,24,53,45,45,1,4,4,3,3,4,2,3,1044
"Sans, Rosie",1,2022-08-15,2022-08-24,24,53,45,45,2,2,2,4,5,5,2,2,1032
"Sans, Rosie",5,2022-08-15,2022-08-24,24,53,45,45,1,4,2,3,5,5,1,3,1064
"Thomas, Alice",2,2022-08-15,2022-08-25,24,53,33,45,4,0,2,3,3,5,3,4,2631
"Sans, Rosie",1,2022-08-15,2022-08-24,24,53,45,45,2,4,3,2,5,2,3,3,0746
"Gray, Stephanie",1,2022-08-15,2022-08-24,23,51,45,45,1,2,4,3,5,3,3,2,0950
"Jillian, Richie",6,2022-08-15,2022-08-25,23,51,45,45,4,3,2,2,4,3,3,2,2597
"Gray, Stephanie",1,2022-08-15,2022-08-24,23,51,36,45,4,2,2,1,6,3,3,2,1188
"Thomas, Alice",4,2022-08-15,2022-08-25,23,51,45,45,3,3,3,2,3,3,2,4,1568
"Thomas, Alice",4,2022-08-15,2022-08-25,23,51,45,45,2,3,1,4,3,3,3,4,1909
"Sans, Rosie",1,2022-08-15,2022-08-24,23,51,45,45,3,1,4,2,3,5,2,3,2758
"Gray, Stephanie",1,2022-08-15,2022-08-24,23,51,45,45,2,1,2,3,4,5,4,2,1609
"Jillian, Richie",5,2022-08-15,2022-08-24,23,51,29,34,3,4,1,2,5,4,2,2,1038
"Thomas, Alice",4,2022-08-15,2022-08-25,23,51,45,45,3,3,1,3,5,5,2,1,1008
"Thomas, Alice",5,2022-08-15,2022-08-24,23,51,40,45,3,2,3,3,3,4,3,2,1565
"Daniel, Tony",3,2022-08-15,2022-08-24,23,51,37,45,2,1,4,1,5,4,3,3,1454
"Sans, Rosie",2,2022-08-15,2022-08-25,23,51,45,45,2,3,1,3,3,3,3,5,0614
"Thomas, Alice",2,2022-08-15,2022-08-25,23,51,45,45,4,2,2,3,5,3,1,3,1043
"Thomas, Alice",4,2022-08-15,2022-08-25,23,51,45,45,5,2,2,3,2,4,2,3,5044
"Jillian, Richie",5,2022-08-15,2022-08-24,23,51,40,45,5,2,3,2,4,5,2,0,4336
"Gray, Stephanie",1,2022-08-15,2022-08-24,23,51,45,45,3,2,3,2,4,3,1,5,1798
"Thomas, Alice",4,2022-08-15,2022-08-25,23,51,45,45,4,2,3,2,2,4,2,4,2198
"Sans, Rosie",3,2022-08-15,2022-08-24,23,51,45,45,1,4,3,3,4,1,3,4,1065
"Sans, Rosie",2,2022-08-15,2022-08-25,23,51,45,45,1,3,3,1,6,5,2,2,1549
"Daniel, Tony",3,2022-08-15,2022-08-24,23,51,45,45,2,3,2,1,3,4,4,4,4314
"Daniel, Tony",3,2022-08-15,2022-08-24,23,51,37,44,3,2,4,2,2,5,3,2,1074
"Jonas, Beau",4,2022-08-15,2022-08-30,23,51,45,45,2,3,3,2,4,3,3,3,1522
"Jonas, Beau",3,2022-08-15,2022-08-30,23,51,45,45,2,4,3,3,4,4,1,2,1060
"Thomas, Alice",2,2022-08-15,2022-08-25,23,51,38,44,4,1,2,3,3,5,3,2,1008
"Jonas, Beau",4,2022-08-15,2022-08-30,23,51,45,45,2,4,2,4,3,4,1,3,0814
"Thomas, Alice",3,2022-08-15,2022-08-24,22,49,36,45,2,2,2,2,4,4,4,2,0868
"Thomas, Alice",4,2022-08-15,2022-08-25,22,49,45,45,1,2,3,2,4,3,3,4,4344
"Thomas, Alice",6,2022-08-15,2022-08-25,22,49,45,45,3,1,3,2,2,5,2,4,1035
"Sans, Rosie",3,2022-08-15,2022-08-24,22,49,45,45,4,2,2,4,1,3,3,3,1176
"Daniel, Tony",3,2022-08-15,2022-08-24,22,49,29,36,4,2,3,2,4,3,2,2,0965
"Gray, Stephanie",1,2022-08-15,2022-08-24,22,49,45,45,4,1,0,4,4,3,3,3,1046
"Thomas, Alice",3,2022-08-15,2022-08-24,22,49,44,44,1,3,1,2,5,5,3,2,0745
"Jillian, Richie",5,2022-08-15,2022-08-24,22,49,32,44,1,3,2,2,5,3,3,3,2187
"Thomas, Alice",5,2022-08-15,2022-08-24,22,49,32,44,2,5,4,0,4,1,2,4,5007
"Thomas, Alice",5,2022-08-15,2022-08-24,22,49,44,45,5,3,3,2,3,4,0,2,5007
"Jillian, Richie",5,2022-08-15,2022-08-24,22,49,40,45,2,2,2,3,4,4,3,2,1076
"Sans, Rosie",5,2022-08-15,2022-08-24,22,49,44,45,4,5,1,1,4,4,1,2,1000
"Jillian, Richie",5,2022-08-15,2022-08-24,22,49,31,45,2,1,3,2,5,1,3,5,3113
"Thomas, Alice",3,2022-08-15,2022-08-24,22,49,45,45,3,1,3,2,3,4,3,3,1055
"Sans, Rosie",2,2022-08-15,2022-08-25,22,49,45,45,2,4,1,1,6,5,1,2,2157
"Jonas, Beau",4,2022-08-15,2022-09-02,21,47,45,45,2,3,3,2,3,3,1,4,0997
"Jonas, Beau",4,2022-08-15,2022-08-30,21,47,45,45,0,3,3,1,4,2,3,5,0956
"Thomas, Alice",5,2022-08-15,2022-08-24,21,47,30,30,3,4,1,1,4,3,2,3,1068
"Gray, Stephanie",2,2022-08-15,2022-08-25,21,47,40,45,1,2,2,2,4,4,2,4,1425
"Jillian, Richie",6,2022-08-15,2022-08-25,21,47,45,45,2,2,2,3,4,3,2,3,0561
"Sans, Rosie",2,2022-08-15,2022-08-25,21,47,45,45,2,1,2,2,3,4,3,4,0975
"Thomas, Alice",6,2022-08-15,2022-08-25,21,47,35,44,2,3,4,3,2,4,2,1,2906
"Jonas, Beau",3,2022-08-15,2022-09-02,21,47,44,45,2,4,2,1,2,3,3,4,1225
"Sans, Rosie",2,2022-08-15,2022-08-25,21,47,45,45,2,2,2,2,3,3,3,4,0967
"Gray, Stephanie",2,2022-08-15,2022-08-25,21,47,45,45,3,3,3,1,3,2,1,5,1210
"Sans, Rosie",3,2022-08-15,2022-08-24,21,47,45,45,1,4,2,2,2,5,2,3,1018
"Sans, Rosie",3,2022-08-15,2022-08-24,21,47,34,44,3,2,1,3,4,3,1,4,1047
"Gray, Stephanie",2,2022-08-15,2022-08-25,21,47,33,45,3,1,1,2,6,4,3,1,1065
"Sans, Rosie",6,2022-08-15,2022-08-25,21,47,45,45,4,2,3,3,3,3,1,2,1102
"Daniel, Tony",5,2022-08-15,2022-08-24,21,47,45,45,2,1,2,3,2,4,3,4,0588
"Jonas, Beau",4,2022-08-15,2022-09-02,20,44,32,32,4,2,3,1,3,3,2,2,0957
"Sans, Rosie",1,2022-08-15,2022-08-24,20,44,45,45,2,2,2,3,3,2,4,2,0838
"Daniel, Tony",5,2022-08-15,2022-08-24,20,44,30,44,3,1,1,1,5,3,3,3,0156
"Gray, Stephanie",2,2022-08-15,2022-08-25,20,44,45,45,2,2,3,2,3,2,2,4,1052
"Gray, Stephanie",2,2022-08-15,2022-08-25,20,44,37,45,3,2,2,3,2,5,2,1,0512
"Sans, Rosie",2,2022-08-15,2022-08-25,20,44,45,45,3,2,1,3,2,3,1,5,4755
"Gray, Stephanie",2,2022-08-15,2022-08-25,20,44,37,45,3,1,3,0,5,3,2,3,1278
"Thomas, Alice",4,2022-08-15,2022-08-25,20,44,44,45,3,0,2,3,1,4,3,4,0958
"Thomas, Alice",2,2022-08-15,2022-08-25,20,44,42,45,4,2,3,2,5,2,1,1,1017
"Jillian, Richie",6,2022-08-15,2022-08-25,20,44,27,27,4,3,3,2,3,3,1,1,1023
"Thomas, Alice",6,2022-08-15,2022-08-25,20,44,45,45,3,4,2,3,1,2,3,2,4824
"Daniel, Tony",3,2022-08-15,2022-08-24,20,44,32,41,4,1,1,2,3,4,4,1,0967
"Jillian, Richie",6,2022-08-15,2022-08-25,20,44,45,45,2,3,2,5,2,3,1,2,1028
"Sans, Rosie",2,2022-08-15,2022-08-25,20,44,45,45,3,2,2,2,4,2,2,3,1363
"Thomas, Alice",2,2022-08-15,2022-08-25,20,44,42,45,1,0,2,2,3,5,4,3,1651
"Jonas, Beau",3,2022-08-15,2022-09-02,20,44,45,45,2,3,2,3,2,3,1,4,1497
"Gray, Stephanie",2,2022-08-15,2022-08-25,20,44,42,45,3,3,1,2,3,3,3,2,0585
"Sans, Rosie",1,2022-08-15,2022-08-24,20,44,45,45,2,3,3,1,5,3,1,2,1035
"Jonas, Beau",3,2022-08-15,2022-09-02,20,44,45,45,4,3,1,3,3,3,0,3,2550
"Sans, Rosie",3,2022-08-15,2022-08-24,20,44,45,45,2,4,2,0,4,3,2,3,2213
"Sans, Rosie",5,2022-08-15,2022-08-24,20,44,45,45,3,2,2,2,4,3,2,2,2284
"Thomas, Alice",6,2022-08-15,2022-08-25,20,44,45,45,2,3,2,2,3,2,3,3,4342
"Sans, Rosie",3,2022-08-15,2022-08-24,20,44,45,45,3,2,1,2,2,4,2,4,1010
"Gray, Stephanie",2,2022-08-15,2022-08-25,20,44,40,45,3,4,3,1,4,1,3,1,0865
"Thomas, Alice",5,2022-08-15,2022-08-24,20,44,45,45,3,3,1,2,3,5,2,1,0972
"Thomas, Alice",2,2022-08-15,2022-08-25,20,44,45,45,2,2,2,3,2,4,1,4,1091
"Thomas, Alice",2,2022-08-15,2022-08-25,20,44,40,45,3,0,2,2,4,4,2,3,1057
"Thomas, Alice",5,2022-08-15,2022-08-24,19,42,45,45,3,2,2,2,4,3,1,2,1035
"Thomas, Alice",5,2022-08-15,2022-08-24,19,42,45,45,3,2,1,3,2,2,2,4,2289
"Gray, Stephanie",1,2022-08-15,2022-08-24,19,42,35,45,3,2,1,3,4,5,0,1,1904
"Jillian, Richie",5,2022-08-15,2022-08-24,19,42,36,36,1,4,1,3,2,4,1,3,1079
"Jonas, Beau",4,2022-08-15,2022-08-30,19,42,45,45,2,4,3,2,3,3,1,1,0989
"Gray, Stephanie",2,2022-08-15,2022-08-25,19,42,36,45,3,0,2,1,2,4,2,5,1886
"Thomas, Alice",4,2022-08-15,2022-08-25,19,42,44,45,3,3,1,3,4,1,0,4,4980
"Thomas, Alice",6,2022-08-15,2022-08-25,19,42,44,45,2,2,2,2,3,1,3,4,1085
"Sans, Rosie",1,2022-08-15,2022-08-24,19,42,45,45,2,1,1,2,4,5,2,2,0968
"Gray, Stephanie",2,2022-08-15,2022-08-25,19,42,45,45,3,1,2,4,3,3,2,1,0682
"Thomas, Alice",2,2022-08-15,2022-08-25,19,42,38,45,3,1,3,1,3,4,2,2,1154
"Sans, Rosie",3,2022-08-15,2022-08-24,19,42,45,45,3,4,2,0,2,6,2,0,0770
"Gray, Stephanie",1,2022-08-15,2022-08-24,19,42,45,45,5,1,3,3,1,3,2,1,1052
"Thomas, Alice",2,2022-08-15,2022-08-25,19,42,41,45,2,1,2,3,3,3,3,2,1976
"Thomas, Alice",6,2022-08-15,2022-08-25,19,42,41,45,3,3,1,2,2,4,3,1,1088
"Sans, Rosie",2,2022-08-15,2022-08-25,19,42,45,45,2,3,2,3,4,2,1,2,1057
"Jonas, Beau",3,2022-08-15,2022-08-30,19,42,45,45,1,5,1,2,4,4,2,0,1108
"Sans, Rosie",1,2022-08-15,2022-08-24,19,42,44,45,1,0,2,2,2,4,2,6,5027
"Sans, Rosie",3,2022-08-15,2022-08-24,18,40,45,45,2,2,2,2,2,6,1,1,1241
"Sans, Rosie",2,2022-08-15,2022-08-25,18,40,45,45,2,0,3,3,2,4,3,1,0793
"Sans, Rosie",2,2022-08-15,2022-08-25,18,40,45,45,1,1,2,2,4,4,2,2,1358
"Sans, Rosie",2,2022-08-15,2022-08-25,18,40,45,45,3,0,1,1,1,4,3,5,0973
"Jonas, Beau",3,2022-08-15,2022-09-02,18,40,45,45,4,3,2,3,1,4,1,0,2124
"Thomas, Alice",3,2022-08-15,2022-08-24,18,40,36,44,3,2,1,1,3,3,2,3,1591
"Daniel, Tony",3,2022-08-15,2022-08-24,18,40,38,39,2,2,3,2,0,3,4,2,0998
"Sans, Rosie",1,2022-08-15,2022-08-24,18,40,45,45,3,1,2,2,4,4,1,1,0508
"Sans, Rosie",1,2022-08-15,2022-08-24,18,40,45,45,1,2,3,1,2,5,1,3,1079
"Jonas, Beau",4,2022-08-15,2022-09-02,18,40,45,45,2,4,1,0,3,2,2,4,3135
"Daniel, Tony",5,2022-08-15,2022-08-24,18,40,45,45,2,1,2,3,3,4,1,2,1469
"Thomas, Alice",3,2022-08-15,2022-08-24,18,40,45,45,2,3,2,2,3,2,1,3,1033
"Jillian, Richie",5,2022-08-15,2022-08-24,18,40,40,45,2,2,2,3,5,3,0,1,0924
"Sans, Rosie",3,2022-08-15,2022-08-24,18,40,45,45,3,3,1,2,1,3,3,2,4255
"Thomas, Alice",5,2022-08-15,2022-08-24,18,40,45,45,3,0,3,2,3,3,0,4,0947
"Jonas, Beau",3,2022-08-15,2022-09-02,18,40,31,32,3,3,2,1,2,2,3,2,1073
"Thomas, Alice",4,2022-08-15,2022-08-25,18,40,45,45,2,0,4,2,2,3,3,2,0976
"Sans, Rosie",3,2022-08-15,2022-08-24,18,40,45,45,3,4,1,1,4,2,1,2,4818
"Sans, Rosie",6,2022-08-15,2022-08-25,18,40,45,45,2,4,3,3,2,2,0,2,1040
"Gray, Stephanie",1,2022-08-15,2022-08-24,18,40,45,45,1,1,2,3,3,4,2,2,0987
"Jillian, Richie",6,2022-08-15,2022-08-25,18,40,45,45,1,2,2,2,2,4,4,1,1104
"Sans, Rosie",6,2022-08-15,2022-08-25,18,40,45,45,2,3,2,2,2,4,2,1,4506
"Jillian, Richie",6,2022-08-15,2022-08-25,18,40,41,45,3,0,1,1,3,4,3,3,1084
"Jonas, Beau",3,2022-08-15,2022-08-30,18,40,35,45,3,3,2,2,2,1,2,3,1019
"Jonas, Beau",3,2022-08-15,2022-08-30,18,40,31,31,3,2,1,1,3,3,3,2,1091
"Sans, Rosie",1,2022-08-15,2022-08-24,18,40,45,45,2,2,2,0,2,6,1,3,1073
"Gray, Stephanie",1,2022-08-15,2022-08-24,18,40,40,45,5,2,0,2,2,4,1,2,5050
"Daniel, Tony",3,2022-08-15,2022-08-24,17,38,34,44,1,0,2,2,4,4,2,2,3246
"Thomas, Alice",4,2022-08-15,2022-08-25,17,38,45,45,5,1,1,1,3,3,2,1,1020
"Sans, Rosie",6,2022-08-15,2022-08-25,17,38,45,45,3,2,2,2,3,1,2,2,0749
"Daniel, Tony",5,2022-08-15,2022-08-24,17,38,24,33,3,1,3,2,2,2,3,1,1075
"Sans, Rosie",5,2022-08-15,2022-08-24,17,38,45,45,3,2,3,2,2,2,1,2,0997
"Gray, Stephanie",1,2022-08-15,2022-08-24,17,38,39,45,3,2,1,2,2,5,1,1,1668
"Sans, Rosie",2,2022-08-15,2022-08-25,17,38,45,45,2,2,1,3,3,0,2,4,0973
"Sans, Rosie",5,2022-08-15,2022-08-24,17,38,45,45,2,1,0,4,2,5,2,1,4921
"Jonas, Beau",4,2022-08-15,2022-09-02,17,38,45,45,0,3,2,2,3,1,2,4,1510
"Sans, Rosie",5,2022-08-15,2022-08-24,17,38,44,45,3,2,2,2,2,3,1,2,0604
"Daniel, Tony",3,2022-08-15,2022-08-24,17,38,34,45,4,1,2,2,3,2,2,1,1040
"Thomas, Alice",6,2022-08-15,2022-08-25,17,38,27,44,5,1,1,1,3,4,1,1,1035
"Thomas, Alice",2,2022-08-15,2022-08-25,17,38,38,45,2,1,3,1,3,3,2,2,2183
"Sans, Rosie",6,2022-08-15,2022-08-25,17,38,43,44,3,1,1,3,3,2,1,3,1080
"Gray, Stephanie",1,2022-08-15,2022-08-24,17,38,45,45,2,2,2,3,2,4,1,1,0965
"Gray, Stephanie",1,2022-08-15,2022-08-24,17,38,20,24,3,3,2,1,2,3,2,1,1825
"Sans, Rosie",1,2022-08-15,2022-08-24,17,38,45,45,3,2,2,1,2,3,3,1,1079
"Sans, Rosie",5,2022-08-15,2022-08-24,17,38,45,45,1,2,1,2,4,4,1,2,1520
"Sans, Rosie",5,2022-08-15,2022-08-24,17,38,45,45,3,1,1,1,4,3,1,3,4636
"Sans, Rosie",1,2022-08-15,2022-08-24,16,36,45,45,0,2,0,4,2,4,1,3,0993
"Sans, Rosie",2,2022-08-15,2022-08-25,16,36,45,45,2,1,1,1,2,4,3,2,1700
"Sans, Rosie",2,2022-08-15,2022-08-25,16,36,38,43,2,3,2,1,2,3,2,1,4906
"Jonas, Beau",3,2022-08-15,2022-09-02,16,36,23,28,2,1,2,1,2,3,3,2,0522
"Jillian, Richie",5,2022-08-15,2022-08-24,16,36,31,45,2,0,2,1,1,4,3,3,2528
"Thomas, Alice",6,2022-08-15,2022-08-25,16,36,37,45,1,2,2,1,3,5,0,2,1088
"Sans, Rosie",2,2022-08-15,2022-08-25,16,36,45,45,3,2,2,2,2,2,1,2,1263
"Daniel, Tony",5,2022-08-15,2022-08-24,16,36,45,45,2,2,1,1,4,3,1,2,1072
"Jonas, Beau",4,2022-08-15,2022-09-02,16,36,44,45,2,4,3,2,0,3,0,2,1017
"Jonas, Beau",3,2022-08-15,2022-08-30,16,36,26,26,2,1,1,1,3,4,1,3,1135
"Jonas, Beau",4,2022-08-15,2022-08-30,16,36,45,45,2,2,1,2,1,2,3,3,0829
"Sans, Rosie",1,2022-08-15,2022-08-24,16,36,45,45,4,1,1,2,2,3,2,1,1624
"Jonas, Beau",3,2022-08-15,2022-09-02,16,36,27,33,3,3,2,1,2,3,2,0,0947
"Sans, Rosie",5,2022-08-15,2022-08-24,16,36,45,45,1,1,1,1,5,4,2,1,4175
"Jillian, Richie",6,2022-08-15,2022-08-25,16,36,45,45,0,2,2,3,2,2,2,3,2256
"Thomas, Alice",4,2022-08-15,2022-08-25,16,36,45,45,3,0,1,3,1,4,1,3,2501
"Thomas, Alice",5,2022-08-15,2022-08-24,16,36,45,45,3,3,1,2,3,3,1,0,1100
"Daniel, Tony",5,2022-08-15,2022-08-24,16,36,32,44,2,1,1,4,3,3,0,2,1198
"Sans, Rosie",1,2022-08-15,2022-08-24,16,36,45,45,3,2,1,2,1,3,1,3,2226
"Thomas, Alice",3,2022-08-15,2022-08-24,16,36,34,44,4,0,1,2,3,2,2,2,1126
"Sans, Rosie",6,2022-08-15,2022-08-25,16,36,39,44,2,3,1,2,3,2,1,2,1138
"Jonas, Beau",4,2022-08-15,2022-09-02,16,36,44,45,1,3,2,2,3,2,1,2,1089
"Thomas, Alice",2,2022-08-15,2022-08-25,16,36,43,45,3,1,2,2,2,2,3,1,1180
"Sans, Rosie",1,2022-08-15,2022-08-24,16,36,45,45,2,1,2,4,3,2,1,1,1058
"Sans, Rosie",3,2022-08-15,2022-08-24,16,36,45,45,2,1,2,2,3,4,1,1,0974
"Sans, Rosie",1,2022-08-15,2022-08-24,16,36,45,45,3,2,0,3,2,4,0,2,1001
"Jillian, Richie",6,2022-08-15,2022-08-25,15,33,34,34,2,2,2,2,3,2,1,1,0932
"Jillian, Richie",5,2022-08-15,2022-08-24,15,33,45,45,3,0,0,3,0,3,2,4,4715
"Daniel, Tony",5,2022-08-15,2022-08-24,15,33,21,28,2,2,2,0,2,4,1,2,1080
"Daniel, Tony",3,2022-08-15,2022-08-24,15,33,29,35,3,2,0,3,3,2,1,1,1847
"Jillian, Richie",6,2022-08-15,2022-08-25,15,33,45,45,2,0,2,2,1,3,2,3,4892
"Thomas, Alice",4,2022-08-15,2022-08-25,15,33,45,45,2,1,2,2,0,4,0,4,1068
"Jonas, Beau",4,2022-08-15,2022-08-30,15,33,45,45,1,1,1,2,1,4,2,3,1463
"Sans, Rosie",5,2022-08-15,2022-08-24,15,33,40,45,1,2,1,2,3,3,1,2,0942
"Jillian, Richie",6,2022-08-15,2022-08-25,15,33,17,17,2,1,2,2,3,3,1,1,2596
"Thomas, Alice",4,2022-08-15,2022-08-25,15,33,45,45,1,2,3,3,1,3,0,2,4312
"Sans, Rosie",2,2022-08-15,2022-08-25,15,33,45,45,1,1,1,4,1,4,1,2,1010
"Daniel, Tony",3,2022-08-15,2022-08-24,15,33,33,37,3,2,2,1,1,3,1,2,1073
"Gray, Stephanie",2,2022-08-15,2022-08-25,15,33,45,45,3,3,1,2,0,2,2,2,1094
"Sans, Rosie",3,2022-08-15,2022-08-24,15,33,22,43,2,2,1,1,3,3,2,1,2457
"Sans, Rosie",6,2022-08-15,2022-08-25,15,33,45,45,2,0,3,2,3,3,1,1,0979
"Thomas, Alice",2,2022-08-15,2022-08-25,15,33,44,45,2,1,1,1,3,4,2,1,1213
"Jillian, Richie",6,2022-08-15,2022-08-25,15,33,35,41,1,1,1,1,4,2,2,3,1041
"Thomas, Alice",6,2022-08-15,2022-08-25,15,33,37,45,2,2,1,2,1,2,3,2,0999
"Thomas, Alice",4,2022-08-15,2022-08-25,15,33,45,45,2,3,1,0,3,3,2,1,1047
"Sans, Rosie",6,2022-08-15,2022-08-25,15,33,45,45,2,3,2,1,2,1,0,4,1086
"Sans, Rosie",6,2022-08-15,2022-08-25,15,33,45,45,2,1,1,2,5,2,1,1,1192
"Thomas, Alice",6,2022-08-15,2022-08-25,15,33,30,45,3,1,1,2,2,4,1,1,0969
"Gray, Stephanie",2,2022-08-15,2022-08-25,15,33,27,44,0,2,1,1,2,1,3,5,1092
"Daniel, Tony",3,2022-08-15,2022-08-24,15,33,45,45,3,1,2,1,1,3,0,4,0897
"Jonas, Beau",3,2022-08-15,2022-09-02,14,31,45,45,1,1,1,0,2,5,2,2,0993
"Daniel, Tony",3,2022-08-15,2022-08-24,14,31,15,45,3,1,1,2,1,2,2,2,0951
"Sans, Rosie",6,2022-08-15,2022-08-25,14,31,45,45,2,2,2,2,1,4,0,1,3251
"Thomas, Alice",2,2022-08-15,2022-08-25,14,31,45,45,2,3,1,2,1,2,2,1,1001
"Daniel, Tony",3,2022-08-15,2022-08-24,14,31,34,35,4,4,1,2,0,0,1,2,1010
"Thomas, Alice",2,2022-08-15,2022-08-25,14,31,36,45,2,0,0,1,3,3,2,3,1053
"Thomas, Alice",3,2022-08-15,2022-08-24,14,31,45,45,3,1,2,0,2,4,0,2,1885
"Thomas, Alice",6,2022-08-15,2022-08-25,14,31,37,45,4,2,1,0,2,2,1,2,0976
"Gray, Stephanie",2,2022-08-15,2022-08-25,14,31,45,45,2,1,2,3,2,3,1,0,1033
"Sans, Rosie",5,2022-08-15,2022-08-24,14,31,45,45,1,1,2,2,3,3,0,2,2847
"Sans, Rosie",5,2022-08-15,2022-08-24,14,31,45,45,1,0,1,2,4,1,2,3,2607
"Jonas, Beau",4,2022-08-15,2022-09-02,14,31,31,31,3,1,1,1,2,2,3,1,1054
"Thomas, Alice",4,2022-08-15,2022-08-25,14,31,45,45,1,1,3,2,3,2,1,1,1021
"Jonas, Beau",3,2022-08-15,2022-09-02,14,31,45,45,2,2,0,1,1,0,2,6,4981
"Thomas, Alice",6,2022-08-15,2022-08-25,14,31,44,45,1,1,2,3,1,4,0,2,1194
"Daniel, Tony",3,2022-08-15,2022-08-24,14,31,32,45,1,0,2,1,3,3,1,3,1016
"Sans, Rosie",6,2022-08-15,2022-08-25,14,31,45,45,2,0,3,1,2,3,2,1,1073
"Daniel, Tony",5,2022-08-15,2022-08-24,14,31,24,44,2,1,1,2,1,2,2,3,1478
"Jonas, Beau",4,2022-08-15,2022-08-30,14,31,45,45,0,2,1,1,3,5,2,0,0990
"Thomas, Alice",2,2022-08-15,2022-08-25,14,31,45,45,2,2,2,2,2,3,0,1,1042
"Gray, Stephanie",2,2022-08-15,2022-08-25,14,31,45,45,1,1,1,4,2,3,1,1,0700
"Sans, Rosie",3,2022-08-15,2022-08-24,14,31,45,45,1,0,1,3,3,3,1,2,0941
"Thomas, Alice",6,2022-08-15,2022-08-25,14,31,45,45,2,2,1,1,2,3,0,3,1063
"Sans, Rosie",6,2022-08-15,2022-08-25,14,31,31,44,1,1,0,3,2,2,2,3,0200
"Gray, Stephanie",1,2022-08-15,2022-08-24,14,31,35,45,2,1,2,3,1,4,1,0,1004
"Thomas, Alice",2,2022-08-15,2022-08-25,14,31,36,45,2,0,1,2,1,4,2,2,1087
"Thomas, Alice",3,2022-08-15,2022-08-24,14,31,33,45,3,1,2,1,2,2,2,1,1103
"Gray, Stephanie",1,2022-08-15,2022-08-24,14,31,40,45,1,0,1,2,3,4,1,2,1019
"Jonas, Beau",4,2022-08-15,2022-08-30,14,31,45,45,1,1,1,3,3,3,0,2,0954
"Sans, Rosie",5,2022-08-15,2022-08-24,14,31,45,45,1,1,0,1,4,4,1,2,1850
"Sans, Rosie",1,2022-08-15,2022-08-24,14,31,45,45,3,3,1,2,1,1,2,1,0946
"Sans, Rosie",1,2022-08-15,2022-08-24,13,29,38,45,2,1,1,1,2,5,0,1,0995
"Daniel, Tony",5,2022-08-15,2022-08-24,13,29,20,28,1,1,2,0,2,4,0,3,1931
"Thomas, Alice",6,2022-08-15,2022-08-25,13,29,36,45,1,1,2,2,3,2,0,2,0671
"Jonas, Beau",4,2022-08-15,2022-09-02,13,29,16,16,1,1,2,1,2,2,3,1,2287
"Jonas, Beau",4,2022-08-15,2022-08-30,13,29,44,45,0,3,2,1,2,1,1,3,1274
"Thomas, Alice",4,2022-08-15,2022-08-25,13,29,45,45,1,2,1,1,2,4,1,1,3375
"Sans, Rosie",2,2022-08-15,2022-08-25,13,29,45,45,1,2,1,0,2,4,1,2,0968
"Jonas, Beau",4,2022-08-15,2022-09-02,13,29,36,36,2,1,1,1,2,2,2,2,0637
"Thomas, Alice",3,2022-08-15,2022-08-24,13,29,45,45,1,0,2,4,3,2,1,0,1098
"Thomas, Alice",3,2022-08-15,2022-08-24,13,29,45,45,2,1,2,2,1,2,2,1,2230
"Jillian, Richie",5,2022-08-15,2022-08-24,13,29,17,27,2,1,2,1,2,1,3,1,0940
"Sans, Rosie",6,2022-08-15,2022-08-25,13,29,45,45,3,0,2,1,2,2,0,3,1232
"Jillian, Richie",5,2022-08-15,2022-08-24,13,29,23,30,3,2,1,1,2,2,0,2,3570
"Sans, Rosie",5,2022-08-15,2022-08-24,13,29,45,45,2,1,1,2,2,2,1,2,1056
"Thomas, Alice",3,2022-08-15,2022-08-24,13,29,45,45,1,1,2,2,1,3,0,3,0864
"Thomas, Alice",3,2022-08-15,2022-08-24,13,29,45,45,2,1,2,2,1,4,0,1,1069
"Thomas, Alice",4,2022-08-15,2022-08-25,12,27,45,45,2,1,0,2,2,3,0,2,0759
"Daniel, Tony",5,2022-08-15,2022-08-24,12,27,24,44,1,4,1,2,3,0,0,1,1026
"Sans, Rosie",2,2022-08-15,2022-08-25,12,27,45,45,0,1,2,1,2,3,0,3,1005
"Jillian, Richie",6,2022-08-15,2022-08-25,12,27,22,23,1,1,0,1,3,2,2,2,1339
"Thomas, Alice",5,2022-08-15,2022-08-24,12,27,45,45,2,1,0,2,2,2,1,2,0657
"Gray, Stephanie",1,2022-08-15,2022-08-24,12,27,30,45,1,0,2,1,2,4,1,1,1092
"Thomas, Alice",5,2022-08-15,2022-08-24,12,27,45,45,0,2,2,1,2,2,1,2,0967
"Thomas, Alice",4,2022-08-15,2022-08-25,12,27,45,45,2,1,2,2,1,2,0,2,2287
"Sans, Rosie",5,2022-08-15,2022-08-24,12,27,40,45,0,1,2,1,2,2,0,4,1866
"Thomas, Alice",6,2022-08-15,2022-08-25,12,27,40,45,1,3,1,1,1,1,2,2,1016
"Daniel, Tony",3,2022-08-15,2022-08-24,12,27,22,44,3,2,0,1,2,2,1,1,1009
"Daniel, Tony",5,2022-08-15,2022-08-24,12,27,19,28,1,1,1,0,2,4,0,3,1149
"Sans, Rosie",6,2022-08-15,2022-08-25,12,27,44,45,2,3,0,1,0,2,1,3,1018
"Thomas, Alice",6,2022-08-15,2022-08-25,12,27,45,45,0,3,1,1,3,2,1,1,0942
"Sans, Rosie",2,2022-08-15,2022-08-25,12,27,45,45,2,2,2,0,0,2,3,1,1061
"Daniel, Tony",3,2022-08-15,2022-08-24,12,27,23,34,2,0,2,2,0,3,1,2,0534
"Sans, Rosie",5,2022-08-15,2022-08-24,12,27,37,45,2,1,2,3,1,2,1,0,1110
"Gray, Stephanie",2,2022-08-15,2022-08-25,12,27,45,45,0,1,1,1,3,3,0,3,1100
"Thomas, Alice",6,2022-08-15,2022-08-25,12,27,40,44,3,0,1,2,1,2,1,2,4145
"Daniel, Tony",5,2022-08-15,2022-08-24,12,27,21,21,3,1,1,1,3,1,1,1,1055
"Sans, Rosie",6,2022-08-15,2022-08-25,12,27,45,45,1,2,1,2,1,3,1,1,0942
"Thomas, Alice",3,2022-08-15,2022-08-24,12,27,45,45,2,2,1,2,1,2,0,2,1055
"Sans, Rosie",2,2022-08-15,2022-08-25,12,27,45,45,1,1,1,3,2,2,0,2,1073
"Thomas, Alice",3,2022-08-15,2022-08-24,12,27,45,45,1,1,2,1,2,3,0,2,1057
"Gray, Stephanie",1,2022-08-15,2022-08-24,12,27,24,44,2,1,0,3,1,3,0,2,0754
"Jillian, Richie",6,2022-08-15,2022-08-25,11,24,45,45,1,1,0,0,1,3,1,4,0978
"Sans, Rosie",6,2022-08-15,2022-08-25,11,24,45,45,4,1,2,0,1,2,1,0,0989
"Gray, Stephanie",2,2022-08-15,2022-08-25,11,24,34,45,3,1,0,2,3,1,0,1,4934
"Thomas, Alice",6,2022-08-15,2022-08-25,11,24,27,36,1,1,1,1,1,3,2,1,0720
"Sans, Rosie",6,2022-08-15,2022-08-25,11,24,45,45,1,1,0,0,3,3,1,2,4729
"Jonas, Beau",3,2022-08-15,2022-08-30,11,24,25,45,1,0,4,0,0,2,2,2,0572
"Sans, Rosie",2,2022-08-15,2022-08-25,11,24,45,45,1,2,2,0,1,0,1,4,1005
"Sans, Rosie",6,2022-08-15,2022-08-25,11,24,45,45,0,1,2,2,1,0,1,4,0977
"Thomas, Alice",5,2022-08-15,2022-08-24,11,24,45,45,1,2,0,2,0,4,0,2,0966
"Jonas, Beau",3,2022-08-15,2022-08-30,11,24,28,28,1,2,1,1,2,2,2,0,0997
"Daniel, Tony",3,2022-08-15,2022-08-24,11,24,35,39,1,1,1,2,2,1,3,0,0967
"Sans, Rosie",5,2022-08-15,2022-08-24,11,24,45,45,1,2,1,2,0,2,1,2,4176
"Sans, Rosie",6,2022-08-15,2022-08-25,11,24,42,45,1,3,1,0,0,2,2,2,0941
"Thomas, Alice",4,2022-08-15,2022-08-25,11,24,45,45,2,2,0,3,1,2,1,0,3127
"Thomas, Alice",3,2022-08-15,2022-08-24,11,24,45,45,0,3,2,3,0,2,0,1,0941
"Daniel, Tony",5,2022-08-15,2022-08-24,11,24,15,16,2,1,1,0,2,2,2,1,1094
"Jillian, Richie",6,2022-08-15,2022-08-25,11,24,45,45,2,1,2,2,0,0,3,1,0999
"Jillian, Richie",5,2022-08-15,2022-08-24,11,24,34,45,0,3,2,1,2,1,2,0,5006
"Thomas, Alice",4,2022-08-15,2022-08-25,11,24,45,45,0,2,2,1,0,3,1,2,2693
"Sans, Rosie",5,2022-08-15,2022-08-24,11,24,45,45,1,2,2,1,0,3,0,2,4362
"Thomas, Alice",2,2022-08-15,2022-08-25,11,24,40,45,2,0,1,1,2,2,1,2,1595
"Gray, Stephanie",2,2022-08-15,2022-08-25,11,24,36,45,2,0,0,0,3,2,2,2,0638
"Jillian, Richie",5,2022-08-15,2022-08-24,11,24,26,45,3,1,1,1,2,2,0,1,4986
"Thomas, Alice",3,2022-08-15,2022-08-24,11,24,43,45,1,0,1,2,2,3,0,2,1069
"Thomas, Alice",2,2022-08-15,2022-08-25,11,24,45,45,1,1,1,3,2,2,0,1,4144
"Sans, Rosie",3,2022-08-15,2022-08-24,11,24,45,45,2,3,2,1,1,0,0,2,0937
"Daniel, Tony",5,2022-08-15,2022-08-24,11,24,24,36,1,0,2,2,1,2,2,1,1084
"Thomas, Alice",5,2022-08-15,2022-08-24,11,24,23,44,3,0,0,3,1,1,1,2,1106
"Daniel, Tony",5,2022-08-15,2022-08-24,11,24,22,32,2,0,2,1,3,0,2,1,3265
"Sans, Rosie",1,2022-08-15,2022-08-24,11,24,45,45,1,2,1,2,1,4,0,0,1032
"Thomas, Alice",5,2022-08-15,2022-08-24,10,22,33,45,2,0,1,4,0,3,0,0,1661
"Thomas, Alice",3,2022-08-15,2022-08-24,10,22,45,45,0,3,0,0,1,3,0,3,1009
"Thomas, Alice",3,2022-08-15,2022-08-24,10,22,45,45,1,2,0,0,2,1,1,3,4666
"Gray, Stephanie",2,2022-08-15,2022-08-25,10,22,45,45,0,1,1,2,1,4,0,1,1924
"Thomas, Alice",4,2022-08-15,2022-08-25,10,22,45,45,1,1,0,0,1,3,3,1,1215
"Thomas, Alice",5,2022-08-15,2022-08-24,10,22,40,45,0,1,2,1,2,2,0,2,1021
"Thomas, Alice",4,2022-08-15,2022-08-25,10,22,44,45,1,1,1,1,0,1,1,4,1261
"Thomas, Alice",5,2022-08-15,2022-08-24,10,22,45,45,1,1,0,2,2,2,1,1,4364
"Daniel, Tony",3,2022-08-15,2022-08-24,10,22,28,32,3,1,0,2,2,1,0,1,1030
"Thomas, Alice",6,2022-08-15,2022-08-25,10,22,42,44,2,1,1,1,1,2,1,1,1516
"Daniel, Tony",3,2022-08-15,2022-08-24,10,22,29,32,1,1,0,1,3,3,1,0,5030
"Sans, Rosie",3,2022-08-15,2022-08-24,10,22,45,45,0,1,0,3,1,1,1,3,1077
"Gray, Stephanie",2,2022-08-15,2022-08-25,10,22,33,44,2,0,0,1,1,4,0,2,1027
"Thomas, Alice",5,2022-08-15,2022-08-24,10,22,33,45,1,2,2,1,2,1,1,0,0516
"Thomas, Alice",5,2022-08-15,2022-08-24,10,22,45,45,0,1,0,2,0,4,1,2,0993
"Sans, Rosie",6,2022-08-15,2022-08-25,10,22,45,45,1,2,3,2,1,1,0,0,2833
"Thomas, Alice",5,2022-08-15,2022-08-24,10,22,45,45,2,2,0,2,2,1,0,1,1071
"Gray, Stephanie",2,2022-08-15,2022-08-25,10,22,42,45,0,1,0,2,2,2,1,2,0707
"Jillian, Richie",6,2022-08-15,2022-08-25,10,22,20,20,2,0,0,1,2,3,1,1,0211
"Thomas, Alice",6,2022-08-15,2022-08-25,9,20,21,32,3,0,1,0,0,3,1,1,1460
"Thomas, Alice",5,2022-08-15,2022-08-24,9,20,28,45,1,0,1,1,2,2,1,1,0903
"Thomas, Alice",6,2022-08-15,2022-08-25,9,20,18,18,2,0,2,2,0,1,1,1,0951
"Thomas, Alice",3,2022-08-15,2022-08-24,9,20,45,45,0,1,1,2,1,3,0,1,0610
"Gray, Stephanie",1,2022-08-15,2022-08-24,9,20,38,45,1,1,0,0,1,3,1,2,1002
"Sans, Rosie",6,2022-08-15,2022-08-25,9,20,45,45,3,1,0,0,0,2,1,2,1046
"Thomas, Alice",4,2022-08-15,2022-08-25,9,20,45,45,0,1,1,1,1,2,1,2,0609
"Daniel, Tony",5,2022-08-15,2022-08-24,9,20,14,18,0,0,2,2,1,2,1,1,5049
"Daniel, Tony",3,2022-08-15,2022-08-24,9,20,42,45,1,0,0,1,1,2,2,2,1290
"Sans, Rosie",6,2022-08-15,2022-08-25,9,20,45,45,0,3,1,1,1,1,2,0,1176
"Thomas, Alice",6,2022-08-15,2022-08-25,9,20,45,45,0,0,1,2,2,2,1,1,1970
"Thomas, Alice",4,2022-08-15,2022-08-25,9,20,45,45,1,0,1,1,2,2,1,1,1043
"Daniel, Tony",5,2022-08-15,2022-08-24,9,20,16,27,2,0,1,0,1,3,1,1,3403
"Sans, Rosie",1,2022-08-15,2022-08-24,9,20,45,45,1,3,1,0,0,2,1,1,1595
"Sans, Rosie",6,2022-08-15,2022-08-25,9,20,11,11,2,0,1,0,1,2,3,0,3116
"Thomas, Alice",2,2022-08-15,2022-08-25,8,18,16,16,1,0,1,1,0,3,1,1,0956
"Sans, Rosie",3,2022-08-15,2022-08-24,8,18,45,45,0,1,0,2,0,3,0,2,3689
"Thomas, Alice",4,2022-08-15,2022-08-25,8,18,45,45,0,0,1,2,1,0,1,3,2056
"Jonas, Beau",4,2022-08-15,2022-08-30,8,18,25,25,0,2,0,1,1,2,1,1,0990
"Sans, Rosie",6,2022-08-15,2022-08-25,8,18,26,27,1,0,0,0,2,2,2,1,1225
"Sans, Rosie",1,2022-08-15,2022-08-24,8,18,9,10,1,0,1,0,1,2,2,1,1094
"Sans, Rosie",6,2022-08-15,2022-08-25,8,18,12,12,1,0,1,0,2,2,2,0,0887
"Jillian, Richie",6,2022-08-15,2022-08-25,8,18,17,45,0,0,3,0,0,2,2,1,4962
"Thomas, Alice",6,2022-08-15,2022-08-25,8,18,30,45,2,0,0,1,0,3,1,1,2615
"Thomas, Alice",3,2022-08-15,2022-08-24,8,18,45,45,1,0,1,2,1,2,0,1,0999
"Jonas, Beau",3,2022-08-15,2022-09-02,8,18,20,34,0,1,1,1,1,2,0,2,1920
"Jillian, Richie",6,2022-08-15,2022-08-25,8,18,32,32,1,0,1,1,2,0,1,2,5218
"Sans, Rosie",3,2022-08-15,2022-08-24,8,18,45,45,1,0,1,1,1,3,1,0,3171
"Thomas, Alice",2,2022-08-15,2022-08-25,7,16,39,45,2,1,0,0,1,2,0,1,3094
"Jonas, Beau",3,2022-08-15,2022-08-30,7,16,37,37,2,0,0,1,0,3,0,1,1115
"Daniel, Tony",3,2022-08-15,2022-08-24,7,16,34,34,0,1,0,2,1,1,0,2,4147
"Daniel, Tony",3,2022-08-15,2022-08-24,7,16,18,44,2,1,1,0,3,0,0,0,5001
"Sans, Rosie",3,2022-08-15,2022-08-24,7,16,45,45,1,0,0,1,0,2,1,2,0731
"Thomas, Alice",6,2022-08-15,2022-08-25,7,16,45,45,0,0,2,1,0,3,0,1,0512
"Thomas, Alice",6,2022-08-15,2022-08-25,5,11,19,21,2,0,1,0,0,2,0,0,1114
"Jonas, Beau",3,2022-08-15,2022-09-02,5,11,15,15,0,0,1,1,0,0,2,1,2473
"Thomas, Alice",3,2022-08-15,2022-08-24,44,98,45,45,5,6,4,5,6,7,4,7,4908
"Jonas, Beau",4,2022-08-15,2022-08-30,44,98,45,45,5,6,3,5,6,8,4,7,3149
"Jonas, Beau",3,2022-08-15,2022-08-30,41,91,45,45,5,6,3,4,5,7,4,7,1089
"Sans, Rosie",6,2022-08-15,2022-08-25,41,91,45,45,5,5,3,3,6,8,4,7,1979
"Gray, Stephanie",2,2022-08-15,2022-08-25,39,87,44,45,5,6,3,4,5,7,4,5,1011
"Sans, Rosie",2,2022-08-15,2022-08-25,39,87,45,45,5,6,3,3,6,6,4,6,0966
"Thomas, Alice",6,2022-08-15,2022-08-25,5,11,14,14,1,0,1,0,1,0,2,0,4741
"Thomas, Alice",6,2022-08-15,2022-08-25,5,11,15,19,0,1,1,1,1,0,0,1,1093
"Daniel, Tony",5,2022-08-15,2022-08-24,4,9,12,14,1,0,0,0,1,1,0,1,2576
"Jillian, Richie",5,2022-08-15,2022-08-24,4,9,21,44,0,0,0,1,2,1,0,0,1086
"Jonas, Beau",3,2022-08-15,2022-08-30,4,9,9,9,0,0,0,0,1,2,0,1,5002
"Daniel, Tony",3,2022-08-15,2022-08-24,4,9,24,27,1,0,0,1,1,1,0,0,4999
"Daniel, Tony",5,2022-08-15,2022-08-24,4,9,11,11,0,0,0,0,2,2,0,0,2419
"Daniel, Tony",5,2022-08-15,2022-08-24,3,7,8,14,0,0,0,0,1,1,0,1,0987
"Daniel, Tony",5,2022-08-15,2022-08-24,3,7,13,16,1,0,0,0,0,1,1,0,1180
"Sans, Rosie",1,2022-08-15,2022-08-24,2,4,7,9,0,0,0,0,0,1,1,0,1154
"Daniel, Tony",3,2022-08-15,2022-08-24,2,4,8,8,1,0,0,0,1,0,0,0,5002
"Jonas, Beau",3,2022-08-15,2022-09-02,2,4,10,10,0,0,0,0,0,1,1,0,0179
"Daniel, Tony",5,2022-08-15,2022-08-24,1,2,13,13,0,0,0,0,0,1,0,0,1073
"Jonas, Beau",4,2022-08-15,2022-08-30,1,2,1,1,0,0,1,0,0,0,0,0,1906
"Sans, Rosie",2,2022-08-15,2022-08-25,1,2,16,16,0,0,0,0,0,1,0,0,1058
"Daniel, Tony",3,2022-08-15,2022-08-24,0,0,0,0,0,0,0,0,0,0,0,0,5009
"Daniel, Tony",5,2022-08-15,2022-08-24,7,16,9,15,0,0,1,1,1,2,2,0,4195
"Daniel, Tony",5,2022-08-15,2022-08-24,7,16,13,13,1,1,1,0,0,2,2,0,0588
"Jonas, Beau",3,2022-08-15,2022-08-30,7,16,45,45,1,2,2,0,0,0,0,2,1089
"Gray, Stephanie",2,2022-08-15,2022-08-25,7,16,30,43,0,1,0,2,1,2,1,0,0958
"Daniel, Tony",3,2022-08-15,2022-08-24,6,13,45,45,0,1,1,1,1,1,1,0,4765
"Daniel, Tony",3,2022-08-15,2022-08-24,6,13,19,37,1,1,0,1,1,1,0,1,5018
"Thomas, Alice",6,2022-08-15,2022-08-25,6,13,27,29,1,2,0,0,0,2,1,0,2329
"Daniel, Tony",3,2022-08-15,2022-08-24,6,13,16,16,1,0,0,1,1,1,2,0,5011
"Jillian, Richie",5,2022-08-15,2022-08-24,6,13,11,28,2,1,0,0,1,1,1,0,1638
"Daniel, Tony",5,2022-08-15,2022-08-24,6,13,14,14,2,0,0,0,2,2,0,0,2129
"Thomas, Alice",6,2022-08-15,2022-08-25,6,13,31,45,1,0,2,0,0,2,1,0,2156
"Sans, Rosie",2,2022-08-15,2022-08-25,6,13,45,45,0,0,0,0,0,1,2,3,1985
"Daniel, Tony",3,2022-08-15,2022-08-24,5,11,16,19,2,0,1,0,0,1,1,0,5019
"Sans, Rosie",5,2022-08-15,2022-08-24,10,22,45,45,0,2,2,2,2,1,0,1,1006
"Thomas, Alice",3,2022-08-15,2022-08-24,39,87,45,45,4,5,3,5,5,8,3,6,1802
"Jillian, Richie",6,2022-08-15,2022-08-25,38,84,45,45,4,5,4,4,5,7,4,5,0932
"Thomas, Alice",2,2022-08-15,2022-08-25,38,84,45,45,5,6,3,4,5,5,3,7,1094
"Sans, Rosie",3,2022-08-15,2022-08-24,38,84,45,45,4,3,4,5,6,7,4,5,2447
"Jonas, Beau",3,2022-08-15,2022-08-30,38,84,45,45,5,6,2,4,6,7,4,4,0146
"Jillian, Richie",6,2022-08-15,2022-08-25,37,82,45,45,5,5,3,2,5,6,4,7,1159
"Jillian, Richie",5,2022-08-15,2022-08-24,37,82,45,45,4,5,4,2,6,7,4,5,0966
"Sans, Rosie",3,2022-08-15,2022-08-24,37,82,45,45,5,5,3,4,4,7,4,5,0966
"Thomas, Alice",5,2022-08-15,2022-08-24,37,82,45,45,4,6,3,4,5,6,4,5,0960
"Gray, Stephanie",1,2022-08-15,2022-08-24,37,82,45,45,4,5,2,4,6,7,3,6,1098
"Jonas, Beau",3,2022-08-15,2022-09-02,37,82,43,45,5,5,4,3,6,5,4,5,1964
"Gray, Stephanie",2,2022-08-15,2022-08-25,37,82,44,45,5,4,4,4,6,5,4,5,2806
"Gray, Stephanie",2,2022-08-15,2022-08-25,36,80,45,45,3,5,3,4,6,7,3,5,4287
"Daniel, Tony",5,2022-08-15,2022-08-24,36,80,45,45,4,4,3,5,5,6,4,5,1095
"Sans, Rosie",3,2022-08-15,2022-08-24,36,80,45,45,4,5,3,4,6,5,3,6,1156
"Jonas, Beau",3,2022-08-15,2022-09-02,36,80,45,45,3,6,4,4,4,7,4,4,1131
"Jonas, Beau",3,2022-08-15,2022-09-02,43,96,45,45,5,6,4,5,6,6,4,7,1072
"Thomas, Alice",6,2022-08-15,2022-08-25,36,80,42,44,5,6,4,2,5,4,4,6,1889
"Sans, Rosie",1,2022-08-15,2022-08-24,36,80,45,45,3,5,4,3,6,5,4,6,1105
"Thomas, Alice",2,2022-08-15,2022-08-25,14,31,36,45,3,1,1,3,1,4,0,1,0966
"Jonas, Beau",4,2022-08-15,2022-09-02,5,11,18,18,0,0,2,1,0,0,2,0,2548
